Path;SteerAngle;Throttle;Brake;Speed;X_Position;Y_Position;Pitch;Yaw;Roll
/home/danny/Documents/RoboND-Rover-Project/output/IMG/robocam_2019_03_09_19_28_20_997.jpg;0;0;1;0;99.68071;85.60122;0.0002301849;243.3165;6.170087E-06
/home/danny/Documents/RoboND-Rover-Project/output/IMG/robocam_2019_03_09_19_28_21_057.jpg;0;0;0;0;99.68071;85.60122;0.0002299497;243.3165;4.386823E-06
/home/danny/Documents/RoboND-Rover-Project/output/IMG/robocam_2019_03_09_19_28_21_123.jpg;0;0;0;0;99.68071;85.60122;0.0002299177;243.3165;1.746871E-06
/home/danny/Documents/RoboND-Rover-Project/output/IMG/robocam_2019_03_09_19_28_21_190.jpg;0;0;0;0;99.68071;85.60122;0.0002300926;243.3165;-3.778804E-07
/home/danny/Documents/RoboND-Rover-Project/output/IMG/robocam_2019_03_09_19_28_21_257.jpg;0;0;0;0;99.68071;85.60122;0.0002302921;243.3165;-2.606471E-06
/home/danny/Documents/RoboND-Rover-Project/output/IMG/robocam_2019_03_09_19_28_21_324.jpg;0;0;0;0;99.68071;85.60122;0.0002305662;243.3165;-5.61254E-06
/home/danny/Documents/RoboND-Rover-Project/output/IMG/robocam_2019_03_09_19_28_21_389.jpg;0;0;0;0;99.68071;85.60122;0.0002309734;243.3165;-7.791873E-06
/home/danny/Documents/RoboND-Rover-Project/output/IMG/robocam_2019_03_09_19_28_21_457.jpg;0;0;0;0;99.68071;85.60122;0.000231466;243.3165;-9.868706E-06
/home/danny/Documents/RoboND-Rover-Project/output/IMG/robocam_2019_03_09_19_28_21_524.jpg;0;0;0;0;99.68071;85.60122;0.0002320631;243.3165;-1.238686E-05
/home/danny/Documents/RoboND-Rover-Project/output/IMG/robocam_2019_03_09_19_28_21_591.jpg;0;0;0;0;99.68071;85.60122;0.0002327626;243.3165;-1.394848E-05
/home/danny/Documents/RoboND-Rover-Project/output/IMG/robocam_2019_03_09_19_28_21_657.jpg;0;0;0;0;99.68071;85.60122;0.0002334066;243.3165;-1.527646E-05
/home/danny/Documents/RoboND-Rover-Project/output/IMG/robocam_2019_03_09_19_28_21_723.jpg;0;0;0;0;99.68071;85.60122;0.0002342644;243.3165;-1.658114E-05
/home/danny/Documents/RoboND-Rover-Project/output/IMG/robocam_2019_03_09_19_28_21_791.jpg;0;0;0;0;99.68071;85.60122;0.0002350598;243.3165;-1.716027E-05
/home/danny/Documents/RoboND-Rover-Project/output/IMG/robocam_2019_03_09_19_28_21_857.jpg;0;0;0;0;99.68071;85.60122;0.0002357814;243.3165;-1.742788E-05
/home/danny/Documents/RoboND-Rover-Project/output/IMG/robocam_2019_03_09_19_28_21_925.jpg;0;0;0;0;99.68071;85.60122;0.0002366367;243.3165;-1.73347E-05
/home/danny/Documents/RoboND-Rover-Project/output/IMG/robocam_2019_03_09_19_28_21_991.jpg;-1.959229;0;0;0;99.68071;85.60122;0.0002371242;243.0814;-1.507151E-05
/home/danny/Documents/RoboND-Rover-Project/output/IMG/robocam_2019_03_09_19_28_22_057.jpg;-6.060662;0;0;0;99.68071;85.60122;0.0002380796;242.2426;-9.662314E-06
/home/danny/Documents/RoboND-Rover-Project/output/IMG/robocam_2019_03_09_19_28_22_124.jpg;-2.254572;0;0;0;99.68071;85.60122;0.0002378976;241.4713;-4.077193E-06
/home/danny/Documents/RoboND-Rover-Project/output/IMG/robocam_2019_03_09_19_28_22_192.jpg;0;0;0;0;99.68071;85.60122;0.0002371767;241.4611;-2.08618E-06
/home/danny/Documents/RoboND-Rover-Project/output/IMG/robocam_2019_03_09_19_28_22_259.jpg;0;0;0;0;99.68071;85.60122;0.0002363535;241.4611;-1.482275E-07
/home/danny/Documents/RoboND-Rover-Project/output/IMG/robocam_2019_03_09_19_28_22_325.jpg;0.3269291;0;0;0;99.68071;85.60122;0.0002368106;241.7787;1.312923E-06
/home/danny/Documents/RoboND-Rover-Project/output/IMG/robocam_2019_03_09_19_28_22_390.jpg;2.095685;0;0;0;99.68071;85.60122;0.0002373892;242.0302;2.453381E-06
/home/danny/Documents/RoboND-Rover-Project/output/IMG/robocam_2019_03_09_19_28_22_456.jpg;0.04038334;0;0;0;99.68071;85.60122;0.0002366189;242.2841;3.733054E-06
/home/danny/Documents/RoboND-Rover-Project/output/IMG/robocam_2019_03_09_19_28_22_524.jpg;0;0;0;0;99.68071;85.60122;0.0002346087;242.2841;6.534772E-06
/home/danny/Documents/RoboND-Rover-Project/output/IMG/robocam_2019_03_09_19_28_22_591.jpg;0;0;0;0;99.68071;85.60122;0.0002331393;242.2841;8.480642E-06
/home/danny/Documents/RoboND-Rover-Project/output/IMG/robocam_2019_03_09_19_28_22_655.jpg;0;0;0;0;99.68071;85.60122;0.0002317275;242.2841;1.019337E-05
/home/danny/Documents/RoboND-Rover-Project/output/IMG/robocam_2019_03_09_19_28_22_725.jpg;0;0;0;0;99.68071;85.60122;0.0002299154;242.2841;1.219208E-05
/home/danny/Documents/RoboND-Rover-Project/output/IMG/robocam_2019_03_09_19_28_22_791.jpg;0;0;0;0;99.68071;85.60122;0.0002286186;242.2841;1.343854E-05
/home/danny/Documents/RoboND-Rover-Project/output/IMG/robocam_2019_03_09_19_28_22_856.jpg;0;0;0;0;99.68071;85.60122;0.0002274569;242.2841;1.235504E-05
/home/danny/Documents/RoboND-Rover-Project/output/IMG/robocam_2019_03_09_19_28_22_923.jpg;0;0;0;0;99.68071;85.60122;0.0002263532;242.2841;1.32644E-05
/home/danny/Documents/RoboND-Rover-Project/output/IMG/robocam_2019_03_09_19_28_22_992.jpg;0;0;0;0;99.68071;85.60122;0.0002256151;242.2841;1.313728E-05
/home/danny/Documents/RoboND-Rover-Project/output/IMG/robocam_2019_03_09_19_28_23_055.jpg;0;0;0;0;99.68071;85.60122;0.0002251368;242.2841;1.329407E-05
/home/danny/Documents/RoboND-Rover-Project/output/IMG/robocam_2019_03_09_19_28_23_124.jpg;0;0;0.2007093;-0.01122067;99.67963;85.59917;0.04895293;242.2921;-3.918689E-08
/home/danny/Documents/RoboND-Rover-Project/output/IMG/robocam_2019_03_09_19_28_23_189.jpg;0;0;0.4041781;0;99.67963;85.59917;0.04414931;242.2921;4.084608E-06
/home/danny/Documents/RoboND-Rover-Project/output/IMG/robocam_2019_03_09_19_28_23_256.jpg;0;0;0.6002076;0;99.67963;85.59916;0.03885621;242.2921;6.949419E-06
/home/danny/Documents/RoboND-Rover-Project/output/IMG/robocam_2019_03_09_19_28_23_324.jpg;0;0;0.7964373;0;99.67963;85.59916;0.03126745;242.2921;9.35149E-06
/home/danny/Documents/RoboND-Rover-Project/output/IMG/robocam_2019_03_09_19_28_23_390.jpg;0;0;0.9966631;0;99.67963;85.59916;0.02535107;242.2921;1.098817E-05
/home/danny/Documents/RoboND-Rover-Project/output/IMG/robocam_2019_03_09_19_28_23_459.jpg;0;0;1;0;99.67963;85.59916;0.01938233;242.2921;1.235137E-05
/home/danny/Documents/RoboND-Rover-Project/output/IMG/robocam_2019_03_09_19_28_23_527.jpg;0;0;1;0;99.67963;85.59916;0.01154431;242.2921;1.414896E-05
/home/danny/Documents/RoboND-Rover-Project/output/IMG/robocam_2019_03_09_19_28_23_591.jpg;0;0;1;0;99.67963;85.59915;0.005896091;242.2921;1.330207E-05
/home/danny/Documents/RoboND-Rover-Project/output/IMG/robocam_2019_03_09_19_28_23_656.jpg;0;0;1;0;99.67963;85.59914;0.0005488681;242.2921;1.320579E-05
/home/danny/Documents/RoboND-Rover-Project/output/IMG/robocam_2019_03_09_19_28_23_724.jpg;0;0;1;0;99.67962;85.59914;359.994;242.2921;1.376814E-05
/home/danny/Documents/RoboND-Rover-Project/output/IMG/robocam_2019_03_09_19_28_23_789.jpg;0;0;1;0;99.67961;85.59914;359.9897;242.2921;1.389383E-05
/home/danny/Documents/RoboND-Rover-Project/output/IMG/robocam_2019_03_09_19_28_23_857.jpg;0;0;1;0;99.67962;85.59914;359.9858;242.2921;1.389925E-05
/home/danny/Documents/RoboND-Rover-Project/output/IMG/robocam_2019_03_09_19_28_23_923.jpg;0;0;1;0;99.67963;85.59914;359.9816;242.2921;1.337065E-05
/home/danny/Documents/RoboND-Rover-Project/output/IMG/robocam_2019_03_09_19_28_23_990.jpg;0;0;0;0;99.67962;85.59913;359.9791;242.2921;1.238681E-05
/home/danny/Documents/RoboND-Rover-Project/output/IMG/robocam_2019_03_09_19_28_24_035.jpg;0;0;0;0;99.67962;85.59914;359.9778;242.2921;1.127665E-05
/home/danny/Documents/RoboND-Rover-Project/output/IMG/robocam_2019_03_09_19_28_24_092.jpg;0;0;0;0;99.67961;85.59914;359.9762;242.2921;1.103986E-05
/home/danny/Documents/RoboND-Rover-Project/output/IMG/robocam_2019_03_09_19_28_24_156.jpg;0;0;0;0;99.67962;85.59913;359.9753;242.2921;1.042913E-05
/home/danny/Documents/RoboND-Rover-Project/output/IMG/robocam_2019_03_09_19_28_24_224.jpg;0;0;0;0;99.67963;85.59914;359.9749;242.2921;8.520228E-06
/home/danny/Documents/RoboND-Rover-Project/output/IMG/robocam_2019_03_09_19_28_24_291.jpg;0;0;0;0;99.67962;85.59913;359.9751;242.2921;8.009965E-06
/home/danny/Documents/RoboND-Rover-Project/output/IMG/robocam_2019_03_09_19_28_24_359.jpg;0;0;0;0;99.67962;85.59914;359.9759;242.2921;6.726386E-06
/home/danny/Documents/RoboND-Rover-Project/output/IMG/robocam_2019_03_09_19_28_24_421.jpg;0;0;0;0;99.6796;85.59914;359.977;242.2921;5.289811E-06
/home/danny/Documents/RoboND-Rover-Project/output/IMG/robocam_2019_03_09_19_28_24_490.jpg;0;0;0;0;99.67962;85.59914;359.9791;242.2921;3.303371E-06
/home/danny/Documents/RoboND-Rover-Project/output/IMG/robocam_2019_03_09_19_28_24_558.jpg;0;0;0;0;99.67963;85.59913;359.981;242.2921;1.782169E-06
/home/danny/Documents/RoboND-Rover-Project/output/IMG/robocam_2019_03_09_19_28_24_624.jpg;2.046905;0;0;0;99.67963;85.59914;359.9839;242.5377;6.583478E-05
/home/danny/Documents/RoboND-Rover-Project/output/IMG/robocam_2019_03_09_19_28_24_690.jpg;5.972772;0;0;0;99.67964;85.59914;359.9863;243.4971;0.000265652
/home/danny/Documents/RoboND-Rover-Project/output/IMG/robocam_2019_03_09_19_28_24_758.jpg;10.03056;0;0;0;99.67964;85.59915;359.9887;245.057;0.0004751631
/home/danny/Documents/RoboND-Rover-Project/output/IMG/robocam_2019_03_09_19_28_24_824.jpg;6.036658;0;0;0;99.67964;85.59916;359.9921;246.7393;0.0004620355
/home/danny/Documents/RoboND-Rover-Project/output/IMG/robocam_2019_03_09_19_28_24_889.jpg;2.02745;0;0;0;99.67964;85.59917;-0.005473795;247.2228;0.000253739
/home/danny/Documents/RoboND-Rover-Project/output/IMG/robocam_2019_03_09_19_28_24_957.jpg;-2.085371;0;0;0;99.67965;85.59918;-0.003081209;247.109;-1.059859E-05
/home/danny/Documents/RoboND-Rover-Project/output/IMG/robocam_2019_03_09_19_28_25_022.jpg;-5.98536;0;0;0;99.67965;85.59919;-0.000795627;246.2778;-0.000250797
/home/danny/Documents/RoboND-Rover-Project/output/IMG/robocam_2019_03_09_19_28_25_092.jpg;-9.952626;0;0;0;99.67966;85.59918;0.00203536;244.1421;-0.0003993115
/home/danny/Documents/RoboND-Rover-Project/output/IMG/robocam_2019_03_09_19_28_25_156.jpg;-5.940185;0;0;0;99.67966;85.59917;0.003946066;242.8366;-0.0003846169
/home/danny/Documents/RoboND-Rover-Project/output/IMG/robocam_2019_03_09_19_28_25_224.jpg;-1.981273;0;0;0;99.67968;85.59917;0.0061568;242.1182;-0.0003406198
/home/danny/Documents/RoboND-Rover-Project/output/IMG/robocam_2019_03_09_19_28_25_293.jpg;2.049294;0;0;0;99.67968;85.59917;0.007543144;242.3674;-0.0003693335
/home/danny/Documents/RoboND-Rover-Project/output/IMG/robocam_2019_03_09_19_28_25_354.jpg;6.165533;0;0;0;99.67967;85.59918;0.008681879;243.2391;-0.0004876246
/home/danny/Documents/RoboND-Rover-Project/output/IMG/robocam_2019_03_09_19_28_25_423.jpg;3.930116;0;0;0;99.67966;85.59919;0.009816804;244.4506;-0.0006646909
/home/danny/Documents/RoboND-Rover-Project/output/IMG/robocam_2019_03_09_19_28_25_490.jpg;0.0494957;0;0;0;99.67966;85.59918;0.01039272;244.577;-0.0006604189
/home/danny/Documents/RoboND-Rover-Project/output/IMG/robocam_2019_03_09_19_28_25_554.jpg;0;0;0;0;99.67966;85.59917;0.01073261;244.577;-0.0006229721
/home/danny/Documents/RoboND-Rover-Project/output/IMG/robocam_2019_03_09_19_28_25_622.jpg;0;0;0;0;99.67966;85.59917;0.01084619;244.577;-0.0005760189
/home/danny/Documents/RoboND-Rover-Project/output/IMG/robocam_2019_03_09_19_28_25_691.jpg;0;0;0;0;99.67966;85.59917;0.01067111;244.577;-0.0005011578
/home/danny/Documents/RoboND-Rover-Project/output/IMG/robocam_2019_03_09_19_28_25_757.jpg;0;0;0;0;99.67966;85.59918;0.01031813;244.577;-0.0004379231
/home/danny/Documents/RoboND-Rover-Project/output/IMG/robocam_2019_03_09_19_28_25_826.jpg;0;0;0;0;99.67967;85.5992;0.009589542;244.577;-0.0003498195
/home/danny/Documents/RoboND-Rover-Project/output/IMG/robocam_2019_03_09_19_28_25_889.jpg;0;0;0;0;99.67968;85.5992;0.008878645;244.577;-0.0002809726
/home/danny/Documents/RoboND-Rover-Project/output/IMG/robocam_2019_03_09_19_28_25_956.jpg;0;0;0;0;99.67969;85.59919;0.008053619;244.577;-0.0002139653
/home/danny/Documents/RoboND-Rover-Project/output/IMG/robocam_2019_03_09_19_28_26_024.jpg;0;0.1051497;0;0;99.67973;85.59926;0.005366572;244.5768;-0.0001271519
/home/danny/Documents/RoboND-Rover-Project/output/IMG/robocam_2019_03_09_19_28_26_091.jpg;0;0.1052699;0;0.01495385;99.67908;85.59789;0.03825921;244.5359;4.398102E-05
/home/danny/Documents/RoboND-Rover-Project/output/IMG/robocam_2019_03_09_19_28_26_158.jpg;0;0.09771037;0;0;99.67875;85.5972;0.05068522;244.4929;0.0001577306
/home/danny/Documents/RoboND-Rover-Project/output/IMG/robocam_2019_03_09_19_28_26_224.jpg;0;0.1037707;0;0.02400873;99.67806;85.59576;0.07694235;244.5849;5.414463E-06
/home/danny/Documents/RoboND-Rover-Project/output/IMG/robocam_2019_03_09_19_28_26_293.jpg;0;0;0;0.02135111;99.67728;85.59412;0.1063908;244.5478;6.589577E-05
/home/danny/Documents/RoboND-Rover-Project/output/IMG/robocam_2019_03_09_19_28_26_356.jpg;0;0.1918466;0;0.02227785;99.67649;85.59248;0.1323475;244.5348;0.0001413866
/home/danny/Documents/RoboND-Rover-Project/output/IMG/robocam_2019_03_09_19_28_26_421.jpg;0;0.1859751;0;0.03015012;99.67529;85.58995;0.1748459;244.6765;-0.0001355539
/home/danny/Documents/RoboND-Rover-Project/output/IMG/robocam_2019_03_09_19_28_26_489.jpg;0;0.389195;0;0.02881089;99.67342;85.58603;0.2345023;244.618;0.0001221407
/home/danny/Documents/RoboND-Rover-Project/output/IMG/robocam_2019_03_09_19_28_26_554.jpg;0;0.4012284;0;0.06804083;99.671;85.58092;0.3222794;244.7359;-0.0004708903
/home/danny/Documents/RoboND-Rover-Project/output/IMG/robocam_2019_03_09_19_28_26_623.jpg;0;0.5934026;0;0.08964784;99.66655;85.57151;0.4728325;244.6923;0.0002730168
/home/danny/Documents/RoboND-Rover-Project/output/IMG/robocam_2019_03_09_19_28_26_690.jpg;0;0.5977979;0;0.1143153;99.66232;85.56265;0.5965302;244.5826;-0.0005493929
/home/danny/Documents/RoboND-Rover-Project/output/IMG/robocam_2019_03_09_19_28_26_757.jpg;0;0.5965319;0;0.1569531;99.65718;85.55193;0.7329651;244.5504;-0.001273894
/home/danny/Documents/RoboND-Rover-Project/output/IMG/robocam_2019_03_09_19_28_26_821.jpg;0;0.5912998;0;0.18255;99.65134;85.53963;0.8697677;244.6041;0.0002809239
/home/danny/Documents/RoboND-Rover-Project/output/IMG/robocam_2019_03_09_19_28_26_889.jpg;0;0.3985856;0;0.2158361;99.64228;85.52088;1.049148;244.4025;0.0004049434
/home/danny/Documents/RoboND-Rover-Project/output/IMG/robocam_2019_03_09_19_28_26_957.jpg;0;0.6049283;0;0.2561157;99.63483;85.50539;1.169471;244.3548;0.0007313294
/home/danny/Documents/RoboND-Rover-Project/output/IMG/robocam_2019_03_09_19_28_27_024.jpg;0;0.402071;0;0.2639958;99.62507;85.48499;1.203039;244.2874;-0.001942924
/home/danny/Documents/RoboND-Rover-Project/output/IMG/robocam_2019_03_09_19_28_27_088.jpg;0;0.2097709;0;0.3005286;99.61726;85.46899;1.155894;244.3148;0.0001449843
/home/danny/Documents/RoboND-Rover-Project/output/IMG/robocam_2019_03_09_19_28_27_158.jpg;0;0.01141119;0;0.3116733;99.61002;85.45404;1.057754;244.3891;0.001771615
/home/danny/Documents/RoboND-Rover-Project/output/IMG/robocam_2019_03_09_19_28_27_225.jpg;0;0;0;0.3099124;99.60041;85.43401;0.9104268;244.3936;0.009379513
/home/danny/Documents/RoboND-Rover-Project/output/IMG/robocam_2019_03_09_19_28_27_289.jpg;0;0;0;0.3092646;99.59338;85.41934;0.7797629;244.3936;0.01435308
/home/danny/Documents/RoboND-Rover-Project/output/IMG/robocam_2019_03_09_19_28_27_357.jpg;0;0;0;0.3082811;99.58645;85.40488;0.6385496;244.3936;0.01859028
/home/danny/Documents/RoboND-Rover-Project/output/IMG/robocam_2019_03_09_19_28_27_422.jpg;0;0;0;0.3074593;99.57958;85.39056;0.4923039;244.3936;0.02207097
/home/danny/Documents/RoboND-Rover-Project/output/IMG/robocam_2019_03_09_19_28_27_489.jpg;0;0;0;0.3065674;99.57045;85.37151;0.2980641;244.3936;0.0255294
/home/danny/Documents/RoboND-Rover-Project/output/IMG/robocam_2019_03_09_19_28_27_555.jpg;0;0;0;0.3056097;99.56358;85.35719;0.1585523;244.3936;0.02725652
/home/danny/Documents/RoboND-Rover-Project/output/IMG/robocam_2019_03_09_19_28_27_622.jpg;0;0;0;0.3042399;99.55666;85.34278;0.02833814;244.3936;0.02827363
/home/danny/Documents/RoboND-Rover-Project/output/IMG/robocam_2019_03_09_19_28_27_688.jpg;0;0;0;0.303152;99.54736;85.32336;359.874;244.3937;0.0286002
/home/danny/Documents/RoboND-Rover-Project/output/IMG/robocam_2019_03_09_19_28_27_756.jpg;0;0;0;0.3016358;99.54027;85.30859;359.7754;244.3937;0.02814215
/home/danny/Documents/RoboND-Rover-Project/output/IMG/robocam_2019_03_09_19_28_27_825.jpg;0;0;0;0.3004607;99.53069;85.2886;359.6692;244.3937;0.02671369
/home/danny/Documents/RoboND-Rover-Project/output/IMG/robocam_2019_03_09_19_28_27_891.jpg;0;0;0;0.2992625;99.52338;85.27338;359.609;244.3937;0.02511835
/home/danny/Documents/RoboND-Rover-Project/output/IMG/robocam_2019_03_09_19_28_27_955.jpg;0;0;0;0.2976435;99.516;85.25796;359.5656;244.3937;0.02315382
/home/danny/Documents/RoboND-Rover-Project/output/IMG/robocam_2019_03_09_19_28_28_022.jpg;0;0.2054486;0;0.2904755;99.50867;85.24269;359.5294;244.4945;0.0216543
/home/danny/Documents/RoboND-Rover-Project/output/IMG/robocam_2019_03_09_19_28_28_092.jpg;0;0.007784843;0;0.3020651;99.49825;85.22086;359.5366;244.2494;0.01426796
/home/danny/Documents/RoboND-Rover-Project/output/IMG/robocam_2019_03_09_19_28_28_157.jpg;0;0.2047985;0;0.3143679;99.49002;85.20383;359.5688;244.2579;0.008984222
/home/danny/Documents/RoboND-Rover-Project/output/IMG/robocam_2019_03_09_19_28_28_224.jpg;0;0.00672698;0;0.3195843;99.47848;85.17978;359.6517;244.4836;0.004823223
/home/danny/Documents/RoboND-Rover-Project/output/IMG/robocam_2019_03_09_19_28_28_288.jpg;0;0.09686422;0;0.3129509;99.46983;85.16168;359.7182;244.5022;0.001682868
/home/danny/Documents/RoboND-Rover-Project/output/IMG/robocam_2019_03_09_19_28_28_354.jpg;0;0.2991364;0;0.3299282;99.46073;85.14256;359.81;244.592;-0.0004609902
/home/danny/Documents/RoboND-Rover-Project/output/IMG/robocam_2019_03_09_19_28_28_424.jpg;0;0.5020351;0;0.3355378;99.44797;85.11572;359.9587;244.5569;-0.003288086
/home/danny/Documents/RoboND-Rover-Project/output/IMG/robocam_2019_03_09_19_28_28_488.jpg;0;0.7018955;0;0.351514;99.43751;85.09369;0.1063203;244.6389;-0.005099168
/home/danny/Documents/RoboND-Rover-Project/output/IMG/robocam_2019_03_09_19_28_28_557.jpg;0;0.9025562;0;0.4034999;99.4254;85.06799;0.3287839;245.0347;359.9926
/home/danny/Documents/RoboND-Rover-Project/output/IMG/robocam_2019_03_09_19_28_28_623.jpg;0;1;0;0.4498298;99.40717;85.02871;0.6829367;245.2237;-0.0002923982
/home/danny/Documents/RoboND-Rover-Project/output/IMG/robocam_2019_03_09_19_28_28_691.jpg;0;1;0;0.4912215;99.39213;84.99638;0.9523771;245.2807;-0.001777269
/home/danny/Documents/RoboND-Rover-Project/output/IMG/robocam_2019_03_09_19_28_28_755.jpg;-3.069499;1;0;0.5794799;99.37516;84.96082;1.237668;245.1587;0.0005782464
/home/danny/Documents/RoboND-Rover-Project/output/IMG/robocam_2019_03_09_19_28_28_823.jpg;-6.004854;1;0;0.6155564;99.35763;84.92622;1.347913;244.8642;-0.0007739465
/home/danny/Documents/RoboND-Rover-Project/output/IMG/robocam_2019_03_09_19_28_28_889.jpg;-8.997663;0.9007483;0;0.6690843;99.33345;84.88209;1.139756;244.2116;0.002482064
/home/danny/Documents/RoboND-Rover-Project/output/IMG/robocam_2019_03_09_19_28_28_957.jpg;-12.10235;0.693769;0;0.7359704;99.31183;84.84506;1.056093;243.5892;-0.002244792
/home/danny/Documents/RoboND-Rover-Project/output/IMG/robocam_2019_03_09_19_28_29_023.jpg;-15;0.495769;0;0.7445415;99.27982;84.7947;0.9658098;242.6327;359.949
/home/danny/Documents/RoboND-Rover-Project/output/IMG/robocam_2019_03_09_19_28_29_092.jpg;-15;0.2997038;0;0.7881976;99.25388;84.75577;0.917909;241.7738;359.9002
/home/danny/Documents/RoboND-Rover-Project/output/IMG/robocam_2019_03_09_19_28_29_155.jpg;-15;0.09871626;0;0.8004752;99.22743;84.71744;0.8469291;240.8653;359.8462
/home/danny/Documents/RoboND-Rover-Project/output/IMG/robocam_2019_03_09_19_28_29_224.jpg;-15;0;0;0.790699;99.1918;84.66769;0.7113486;239.7119;359.7654
/home/danny/Documents/RoboND-Rover-Project/output/IMG/robocam_2019_03_09_19_28_29_290.jpg;-15;0;0;0.787171;99.16499;84.63161;0.5810292;238.9007;359.6986
/home/danny/Documents/RoboND-Rover-Project/output/IMG/robocam_2019_03_09_19_28_29_358.jpg;-15;0;0;0.782488;99.13792;84.59624;0.4402219;238.0963;359.6284
/home/danny/Documents/RoboND-Rover-Project/output/IMG/robocam_2019_03_09_19_28_29_424.jpg;-15;0;0;0.7788608;99.10136;84.55005;0.2462927;237.0323;359.5315
/home/danny/Documents/RoboND-Rover-Project/output/IMG/robocam_2019_03_09_19_28_29_490.jpg;-15;0;0;0.7751449;99.07352;84.51607;0.1025622;236.2386;359.4583
/home/danny/Documents/RoboND-Rover-Project/output/IMG/robocam_2019_03_09_19_28_29_559.jpg;-15;0;0;0.7700809;99.04533;84.48258;359.9648;235.4474;359.3864
/home/danny/Documents/RoboND-Rover-Project/output/IMG/robocam_2019_03_09_19_28_29_623.jpg;-15;0;0;0.7658403;99.01676;84.4489;359.8673;234.6671;359.3499
/home/danny/Documents/RoboND-Rover-Project/output/IMG/robocam_2019_03_09_19_28_29_693.jpg;-15;0;0;0.7615907;98.97766;84.40473;359.769;233.6134;359.3138
/home/danny/Documents/RoboND-Rover-Project/output/IMG/robocam_2019_03_09_19_28_29_760.jpg;-15;0;0;0.7572879;98.94765;84.37214;359.7167;232.8164;359.2967
/home/danny/Documents/RoboND-Rover-Project/output/IMG/robocam_2019_03_09_19_28_29_825.jpg;-15;0;0;0.751932;98.90686;84.32929;359.6756;231.7509;359.2918
/home/danny/Documents/RoboND-Rover-Project/output/IMG/robocam_2019_03_09_19_28_29_889.jpg;-15;0;0;0.7481132;98.87572;84.29769;359.6605;230.9501;359.2971
/home/danny/Documents/RoboND-Rover-Project/output/IMG/robocam_2019_03_09_19_28_29_956.jpg;-15;0;0;0.7431327;98.84414;84.26665;359.6542;230.1469;359.3055
/home/danny/Documents/RoboND-Rover-Project/output/IMG/robocam_2019_03_09_19_28_30_024.jpg;-15;0;0;0.7395672;98.80145;84.22609;359.6561;229.0774;359.3223
/home/danny/Documents/RoboND-Rover-Project/output/IMG/robocam_2019_03_09_19_28_30_090.jpg;-15;0;0;0.7360459;98.76904;84.19628;359.6646;228.2774;359.3394
/home/danny/Documents/RoboND-Rover-Project/output/IMG/robocam_2019_03_09_19_28_30_157.jpg;-15;0.1009684;0;0.731381;98.73655;84.16726;359.6695;227.459;359.359
/home/danny/Documents/RoboND-Rover-Project/output/IMG/robocam_2019_03_09_19_28_30_224.jpg;-12.16285;0.290112;0;0.7347454;98.69203;84.12787;359.718;226.2752;359.3983
/home/danny/Documents/RoboND-Rover-Project/output/IMG/robocam_2019_03_09_19_28_30_290.jpg;-9.010552;0.5002649;0;0.7520083;98.65704;84.09634;359.8096;225.6992;359.4459
/home/danny/Documents/RoboND-Rover-Project/output/IMG/robocam_2019_03_09_19_28_30_357.jpg;-5.965666;0.7032573;0;0.7848871;98.62051;84.06286;359.9512;225.1242;359.5083
/home/danny/Documents/RoboND-Rover-Project/output/IMG/robocam_2019_03_09_19_28_30_422.jpg;-3.004088;0.9006958;0;0.8153329;98.58231;84.0269;0.1439147;224.7626;359.59
/home/danny/Documents/RoboND-Rover-Project/output/IMG/robocam_2019_03_09_19_28_30_491.jpg;0;1;0;0.8584601;98.52859;83.97449;0.4800068;224.728;359.7266
/home/danny/Documents/RoboND-Rover-Project/output/IMG/robocam_2019_03_09_19_28_30_556.jpg;0;1;0;0.9217476;98.48573;83.93158;0.7765166;224.7833;359.86
/home/danny/Documents/RoboND-Rover-Project/output/IMG/robocam_2019_03_09_19_28_30_625.jpg;0;1;0;0.9775845;98.42491;83.87127;1.191989;224.8005;0.02511655
/home/danny/Documents/RoboND-Rover-Project/output/IMG/robocam_2019_03_09_19_28_30_690.jpg;0;1;0;1.018145;98.37748;83.82668;1.366722;224.8248;0.02034711
/home/danny/Documents/RoboND-Rover-Project/output/IMG/robocam_2019_03_09_19_28_30_758.jpg;0;1;0;1.065084;98.33231;83.78338;1.234512;224.8781;-0.0007063414
/home/danny/Documents/RoboND-Rover-Project/output/IMG/robocam_2019_03_09_19_28_30_826.jpg;0;1;0;1.146373;98.26803;83.72009;1.129837;224.8726;-0.0004164023
/home/danny/Documents/RoboND-Rover-Project/output/IMG/robocam_2019_03_09_19_28_30_891.jpg;0;1;0;1.184905;98.21674;83.66943;1.120528;224.8639;-0.0003867267
/home/danny/Documents/RoboND-Rover-Project/output/IMG/robocam_2019_03_09_19_28_30_959.jpg;0;1;0;1.238938;98.16275;83.61609;1.1629;224.8569;-0.0004813607
/home/danny/Documents/RoboND-Rover-Project/output/IMG/robocam_2019_03_09_19_28_31_026.jpg;0;1;0;1.297521;98.08727;83.54153;1.25968;224.8431;-0.0009228321
/home/danny/Documents/RoboND-Rover-Project/output/IMG/robocam_2019_03_09_19_28_31_093.jpg;0;1;0;1.341845;98.0288;83.48382;1.291922;224.838;-0.001440896
/home/danny/Documents/RoboND-Rover-Project/output/IMG/robocam_2019_03_09_19_28_31_157.jpg;0;1;0;1.391307;97.96896;83.42476;1.270237;224.8267;-0.001054242
/home/danny/Documents/RoboND-Rover-Project/output/IMG/robocam_2019_03_09_19_28_31_226.jpg;-1.553042;1;0;1.455927;97.88561;83.34306;1.245828;224.7448;-0.0001933187
/home/danny/Documents/RoboND-Rover-Project/output/IMG/robocam_2019_03_09_19_28_31_292.jpg;-4.539381;1;0;1.500842;97.81949;83.2804;1.249711;224.4144;0.0005388326
/home/danny/Documents/RoboND-Rover-Project/output/IMG/robocam_2019_03_09_19_28_31_355.jpg;-7.447186;1;0;1.54581;97.75016;83.21743;1.247109;223.7874;0.001911038
/home/danny/Documents/RoboND-Rover-Project/output/IMG/robocam_2019_03_09_19_28_31_425.jpg;-10.50967;1;0;1.606042;97.65192;83.13365;1.245794;222.5373;359.9747
/home/danny/Documents/RoboND-Rover-Project/output/IMG/robocam_2019_03_09_19_28_31_492.jpg;-13.41415;1;0;1.648916;97.57381;83.07201;1.226608;221.2502;359.9299
/home/danny/Documents/RoboND-Rover-Project/output/IMG/robocam_2019_03_09_19_28_31_558.jpg;-15;1;0;1.70458;97.49214;83.01211;1.164629;219.6987;359.878
/home/danny/Documents/RoboND-Rover-Project/output/IMG/robocam_2019_03_09_19_28_31_625.jpg;-13.48449;1;0;1.74847;97.37795;82.93358;1.050288;217.6024;359.809
/home/danny/Documents/RoboND-Rover-Project/output/IMG/robocam_2019_03_09_19_28_31_692.jpg;-10.5661;1;0;1.794904;97.2885;82.87394;0.9864713;216.286;359.765
/home/danny/Documents/RoboND-Rover-Project/output/IMG/robocam_2019_03_09_19_28_31_758.jpg;-7.514158;1;0;1.856103;97.19604;82.81307;0.9485713;215.2297;359.7384
/home/danny/Documents/RoboND-Rover-Project/output/IMG/robocam_2019_03_09_19_28_31_824.jpg;-4.520083;1;0;1.901728;97.06851;82.72912;0.9465675;214.2883;359.7435
/home/danny/Documents/RoboND-Rover-Project/output/IMG/robocam_2019_03_09_19_28_31_889.jpg;-1.607194;1;0;1.947124;96.9699;82.6635;0.9893999;213.9354;359.7794
/home/danny/Documents/RoboND-Rover-Project/output/IMG/robocam_2019_03_09_19_28_31_956.jpg;0;1;0;2.00555;96.86909;82.59525;1.069832;213.8642;359.8445
/home/danny/Documents/RoboND-Rover-Project/output/IMG/robocam_2019_03_09_19_28_32_022.jpg;0;1;0;2.048639;96.76583;82.52511;1.175457;213.8696;359.9262
/home/danny/Documents/RoboND-Rover-Project/output/IMG/robocam_2019_03_09_19_28_32_089.jpg;0;1;0;2.093106;96.62411;82.42987;1.329766;213.8724;-0.0003185967
/home/danny/Documents/RoboND-Rover-Project/output/IMG/robocam_2019_03_09_19_28_32_156.jpg;0;1;0;2.135717;96.51611;82.35829;1.353094;213.8586;-0.001816803
/home/danny/Documents/RoboND-Rover-Project/output/IMG/robocam_2019_03_09_19_28_32_221.jpg;0;1;0;2.199338;96.40671;82.28562;1.313614;213.8453;-0.00116544
/home/danny/Documents/RoboND-Rover-Project/output/IMG/robocam_2019_03_09_19_28_32_291.jpg;0;1;0;2.24465;96.25682;82.18604;1.297364;213.8263;-0.0006495681
/home/danny/Documents/RoboND-Rover-Project/output/IMG/robocam_2019_03_09_19_28_32_360.jpg;-1.518753;1;0;2.301797;96.14135;82.10954;1.318129;213.7821;-0.001049085
/home/danny/Documents/RoboND-Rover-Project/output/IMG/robocam_2019_03_09_19_28_32_424.jpg;-4.44766;1;0;2.344125;95.98299;82.00798;1.313227;213.2671;0.0008661674
/home/danny/Documents/RoboND-Rover-Project/output/IMG/robocam_2019_03_09_19_28_32_490.jpg;-7.476164;1;0;2.388025;95.86012;81.9327;1.311335;212.4883;-0.0006483975
/home/danny/Documents/RoboND-Rover-Project/output/IMG/robocam_2019_03_09_19_28_32_556.jpg;-10.58125;1;0;2.441765;95.73331;81.85957;1.29994;211.3476;359.9584
/home/danny/Documents/RoboND-Rover-Project/output/IMG/robocam_2019_03_09_19_28_32_622.jpg;-10.28007;1;0;2.480462;95.60305;81.78941;1.243881;209.8689;359.8947
/home/danny/Documents/RoboND-Rover-Project/output/IMG/robocam_2019_03_09_19_28_32_690.jpg;-7.363844;1;0;2.524698;95.42509;81.69705;1.122786;208.1948;359.8422
/home/danny/Documents/RoboND-Rover-Project/output/IMG/robocam_2019_03_09_19_28_32_758.jpg;-4.346327;1;0;2.583432;95.28766;81.62796;1.054938;207.3006;359.7949
/home/danny/Documents/RoboND-Rover-Project/output/IMG/robocam_2019_03_09_19_28_32_825.jpg;-1.474239;1;0;2.625278;95.10008;81.53359;1.017955;206.6957;359.7649
/home/danny/Documents/RoboND-Rover-Project/output/IMG/robocam_2019_03_09_19_28_32_889.jpg;0;1;0;2.667816;94.95634;81.46063;1.033167;206.5937;359.7738
/home/danny/Documents/RoboND-Rover-Project/output/IMG/robocam_2019_03_09_19_28_32_958.jpg;0;1;0;2.722451;94.81013;81.3862;1.071341;206.5948;359.809
/home/danny/Documents/RoboND-Rover-Project/output/IMG/robocam_2019_03_09_19_28_33_024.jpg;0;1;0;2.764269;94.61108;81.28493;1.162561;206.6264;359.8784
/home/danny/Documents/RoboND-Rover-Project/output/IMG/robocam_2019_03_09_19_28_33_089.jpg;0;1;0;2.805691;94.45881;81.2075;1.254589;206.6515;359.9457
/home/danny/Documents/RoboND-Rover-Project/output/IMG/robocam_2019_03_09_19_28_33_156.jpg;0;1;0;2.860499;94.30405;81.12923;1.355271;206.6668;-0.001942825
/home/danny/Documents/RoboND-Rover-Project/output/IMG/robocam_2019_03_09_19_28_33_225.jpg;-1.529996;1;0;2.901057;94.09489;81.02555;1.391855;206.5744;-0.001499402
/home/danny/Documents/RoboND-Rover-Project/output/IMG/robocam_2019_03_09_19_28_33_290.jpg;-4.475159;1;0;2.945544;93.93525;80.94893;1.357209;206.164;0.001071146
/home/danny/Documents/RoboND-Rover-Project/output/IMG/robocam_2019_03_09_19_28_33_356.jpg;-7.599374;1;0;2.999998;93.77193;80.87367;1.342384;205.3934;-0.00176358
/home/danny/Documents/RoboND-Rover-Project/output/IMG/robocam_2019_03_09_19_28_33_425.jpg;-10.63102;1;0;3.037707;93.54842;80.77872;1.298557;203.7044;359.9124
/home/danny/Documents/RoboND-Rover-Project/output/IMG/robocam_2019_03_09_19_28_33_492.jpg;-13.6291;1;0;3.074142;93.37735;80.71316;1.18277;201.9279;359.8114
/home/danny/Documents/RoboND-Rover-Project/output/IMG/robocam_2019_03_09_19_28_33_560.jpg;-13.51527;1;0;3.121408;93.20313;80.65409;0.9918364;199.8204;359.6565
/home/danny/Documents/RoboND-Rover-Project/output/IMG/robocam_2019_03_09_19_28_33_624.jpg;-10.55189;1;0;3.161761;92.966;80.58174;0.6858595;197.3578;359.4186
/home/danny/Documents/RoboND-Rover-Project/output/IMG/robocam_2019_03_09_19_28_33_693.jpg;-7.498902;1;0;3.201535;92.7844;80.53092;0.4513607;195.9359;359.2387
/home/danny/Documents/RoboND-Rover-Project/output/IMG/robocam_2019_03_09_19_28_33_758.jpg;-4.622544;1;0;3.241377;92.59955;80.48163;0.2371597;194.9445;359.0827
/home/danny/Documents/RoboND-Rover-Project/output/IMG/robocam_2019_03_09_19_28_33_824.jpg;-1.485604;1;0;3.294308;92.34789;80.41649;0.0140727;194.2273;358.9389
/home/danny/Documents/RoboND-Rover-Project/output/IMG/robocam_2019_03_09_19_28_33_892.jpg;-1.683873;1;0;3.332599;92.15472;80.36701;359.9445;194.0036;358.9061
/home/danny/Documents/RoboND-Rover-Project/output/IMG/robocam_2019_03_09_19_28_33_954.jpg;-4.577461;1;0;3.380968;91.95667;80.3186;0.007560593;193.6225;358.9075
/home/danny/Documents/RoboND-Rover-Project/output/IMG/robocam_2019_03_09_19_28_34_025.jpg;-7.554939;1;0;3.418023;91.68873;80.25894;0.06113218;192.5624;358.9316
/home/danny/Documents/RoboND-Rover-Project/output/IMG/robocam_2019_03_09_19_28_34_090.jpg;-10.47355;1;0;3.454737;91.48458;80.22025;0.07529811;191.248;358.9199
/home/danny/Documents/RoboND-Rover-Project/output/IMG/robocam_2019_03_09_19_28_34_159.jpg;-13.6217;1;0;3.500099;91.27818;80.18765;0.04794271;189.5396;358.8839
/home/danny/Documents/RoboND-Rover-Project/output/IMG/robocam_2019_03_09_19_28_34_226.jpg;-15;1;0;3.532384;90.99874;80.15529;0.008219813;186.7667;358.8075
/home/danny/Documents/RoboND-Rover-Project/output/IMG/robocam_2019_03_09_19_28_34_293.jpg;-15;1;0;3.56593;90.78575;80.13811;0.01120903;184.624;358.8215
/home/danny/Documents/RoboND-Rover-Project/output/IMG/robocam_2019_03_09_19_28_34_362.jpg;-15;1;0;3.6068;90.5703;80.12862;0.01861686;182.399;358.8683
/home/danny/Documents/RoboND-Rover-Project/output/IMG/robocam_2019_03_09_19_28_34_425.jpg;-13.58533;1;0;3.638878;90.27988;80.13046;0.01315831;179.4824;358.8381
/home/danny/Documents/RoboND-Rover-Project/output/IMG/robocam_2019_03_09_19_28_34_494.jpg;-10.61637;1;0;3.672515;90.05961;80.13872;0.01255383;177.5992;358.8679
/home/danny/Documents/RoboND-Rover-Project/output/IMG/robocam_2019_03_09_19_28_34_557.jpg;-7.61149;1;0;3.722722;89.83729;80.15312;0.009978159;176.052;358.899
/home/danny/Documents/RoboND-Rover-Project/output/IMG/robocam_2019_03_09_19_28_34_626.jpg;-4.572548;1;0;3.760334;89.53725;80.1794;0.02995492;174.6074;358.9379
/home/danny/Documents/RoboND-Rover-Project/output/IMG/robocam_2019_03_09_19_28_34_688.jpg;-1.715008;1;0;3.798418;89.30936;80.20219;0.06255334;173.9905;358.9838
/home/danny/Documents/RoboND-Rover-Project/output/IMG/robocam_2019_03_09_19_28_34_757.jpg;0;1;0;3.84831;89.07877;80.22601;0.1191541;173.7414;359.0599
/home/danny/Documents/RoboND-Rover-Project/output/IMG/robocam_2019_03_09_19_28_34_826.jpg;0;1;0;3.885656;88.76668;80.25947;0.2661705;173.6581;359.1743
/home/danny/Documents/RoboND-Rover-Project/output/IMG/robocam_2019_03_09_19_28_34_893.jpg;3.197515;1;0;3.922214;88.52905;80.28367;0.4234678;173.8665;359.308
/home/danny/Documents/RoboND-Rover-Project/output/IMG/robocam_2019_03_09_19_28_34_957.jpg;6.132914;1;0;3.969594;88.28831;80.30503;0.6169274;174.4546;359.511
/home/danny/Documents/RoboND-Rover-Project/output/IMG/robocam_2019_03_09_19_28_35_024.jpg;9.19458;1;0;4.003524;87.9627;80.32609;0.9259724;175.9166;359.9186
/home/danny/Documents/RoboND-Rover-Project/output/IMG/robocam_2019_03_09_19_28_35_094.jpg;12.0924;1;0;4.036072;87.71665;80.33525;1.12089;177.4813;0.2772763
/home/danny/Documents/RoboND-Rover-Project/output/IMG/robocam_2019_03_09_19_28_35_160.jpg;15;1;0;4.073832;87.4716;80.33842;1.170087;179.4843;0.602603
/home/danny/Documents/RoboND-Rover-Project/output/IMG/robocam_2019_03_09_19_28_35_224.jpg;15;1;0;4.095691;87.14856;80.33027;0.9378945;182.64;0.998916
/home/danny/Documents/RoboND-Rover-Project/output/IMG/robocam_2019_03_09_19_28_35_290.jpg;15;1;0;4.116255;86.90924;80.31348;0.5614194;185.0768;1.304507
/home/danny/Documents/RoboND-Rover-Project/output/IMG/robocam_2019_03_09_19_28_35_355.jpg;13.47203;1;0;4.13587;86.67241;80.29049;0.02987189;187.1526;1.488302
/home/danny/Documents/RoboND-Rover-Project/output/IMG/robocam_2019_03_09_19_28_35_426.jpg;10.47435;1;0;4.144161;86.35063;80.2523;359.6431;189.201;1.360278
/home/danny/Documents/RoboND-Rover-Project/output/IMG/robocam_2019_03_09_19_28_35_491.jpg;7.301041;1;0;4.189319;86.10018;80.21437;359.7558;190.6106;1.100483
/home/danny/Documents/RoboND-Rover-Project/output/IMG/robocam_2019_03_09_19_28_35_559.jpg;7.409402;1;0;4.254094;85.84506;80.16492;0.07348424;191.7965;0.9659207
/home/danny/Documents/RoboND-Rover-Project/output/IMG/robocam_2019_03_09_19_28_35_623.jpg;7.475191;0.7909422;0;4.283683;85.50586;80.08694;0.3899115;193.5685;0.8983378
/home/danny/Documents/RoboND-Rover-Project/output/IMG/robocam_2019_03_09_19_28_35_693.jpg;4.596988;0.599062;0;4.307084;85.25393;80.02522;0.437425;194.7319;0.7723513
/home/danny/Documents/RoboND-Rover-Project/output/IMG/robocam_2019_03_09_19_28_35_756.jpg;1.63172;0.5822227;0;4.327799;85.0029;79.95887;0.4278396;195.4386;0.6979975
/home/danny/Documents/RoboND-Rover-Project/output/IMG/robocam_2019_03_09_19_28_35_822.jpg;-1.666939;0.5705254;0;4.349758;84.75121;79.89037;0.4232774;195.6754;0.6516632
/home/danny/Documents/RoboND-Rover-Project/output/IMG/robocam_2019_03_09_19_28_35_892.jpg;-4.61988;0.3736627;0;4.361803;84.41393;79.80058;0.4203421;195.3047;0.5333006
/home/danny/Documents/RoboND-Rover-Project/output/IMG/robocam_2019_03_09_19_28_35_957.jpg;-7.568604;0.1770811;0;4.364038;84.16005;79.73674;0.410773;194.5735;0.3702608
/home/danny/Documents/RoboND-Rover-Project/output/IMG/robocam_2019_03_09_19_28_36_026.jpg;-10.76085;0;0;4.353952;83.82123;79.66044;0.3597104;192.948;359.9904
/home/danny/Documents/RoboND-Rover-Project/output/IMG/robocam_2019_03_09_19_28_36_094.jpg;-13.67564;0;0;4.3357;83.56814;79.61195;0.2463318;191.268;359.5739
/home/danny/Documents/RoboND-Rover-Project/output/IMG/robocam_2019_03_09_19_28_36_158.jpg;-15;0;0;4.307758;83.31664;79.57203;0.0484845;189.2917;359.0651
/home/danny/Documents/RoboND-Rover-Project/output/IMG/robocam_2019_03_09_19_28_36_227.jpg;-15;0;0;4.287259;82.98089;79.52787;359.8768;186.5381;358.462
/home/danny/Documents/RoboND-Rover-Project/output/IMG/robocam_2019_03_09_19_28_36_290.jpg;-15;0;0;4.269775;82.72689;79.49976;359.9337;184.3867;358.2337
/home/danny/Documents/RoboND-Rover-Project/output/IMG/robocam_2019_03_09_19_28_36_358.jpg;-15;0;0;4.239937;82.47256;79.47868;0.04925891;182.1749;358.2225
/home/danny/Documents/RoboND-Rover-Project/output/IMG/robocam_2019_03_09_19_28_36_423.jpg;-15;0;0;4.220515;82.13947;79.46583;359.9059;179.2209;358.3599
/home/danny/Documents/RoboND-Rover-Project/output/IMG/robocam_2019_03_09_19_28_36_491.jpg;-15;0;0;4.199802;81.88723;79.46687;-0.00210007;177.0083;358.6389
/home/danny/Documents/RoboND-Rover-Project/output/IMG/robocam_2019_03_09_19_28_36_557.jpg;-15;0;0;4.134566;81.64;79.48165;359.9736;174.95;358.8457
/home/danny/Documents/RoboND-Rover-Project/output/IMG/robocam_2019_03_09_19_28_36_625.jpg;-15;0;0;4.115442;81.31591;79.52216;359.8945;172.3021;358.8678
/home/danny/Documents/RoboND-Rover-Project/output/IMG/robocam_2019_03_09_19_28_36_693.jpg;-15;0;0;4.093256;81.07392;79.56325;359.949;170.2638;358.8147
/home/danny/Documents/RoboND-Rover-Project/output/IMG/robocam_2019_03_09_19_28_36_758.jpg;-15;0;0;4.075075;80.83444;79.61165;0.01362223;168.1338;358.7664
/home/danny/Documents/RoboND-Rover-Project/output/IMG/robocam_2019_03_09_19_28_36_827.jpg;-15;0;0;4.050021;80.521;79.68624;-0.002192384;165.3356;358.8464
/home/danny/Documents/RoboND-Rover-Project/output/IMG/robocam_2019_03_09_19_28_36_894.jpg;-15;0;0;4.023949;80.29085;79.75464;359.9915;163.1681;358.7867
/home/danny/Documents/RoboND-Rover-Project/output/IMG/robocam_2019_03_09_19_28_36_958.jpg;-13.54916;0;0;4.00232;80.06304;79.8287;0.0145491;161.0195;358.8424
/home/danny/Documents/RoboND-Rover-Project/output/IMG/robocam_2019_03_09_19_28_37_026.jpg;-10.59369;0;0;3.977806;79.76663;79.94035;-0.003516534;158.5621;358.8312
/home/danny/Documents/RoboND-Rover-Project/output/IMG/robocam_2019_03_09_19_28_37_091.jpg;-7.37507;0.2145746;0;3.956834;79.54774;80.0306;359.9874;157.0605;358.8231
/home/danny/Documents/RoboND-Rover-Project/output/IMG/robocam_2019_03_09_19_28_37_158.jpg;-4.511404;0.4054856;0;3.954452;79.32988;80.12426;-0.001297042;155.9756;358.9052
/home/danny/Documents/RoboND-Rover-Project/output/IMG/robocam_2019_03_09_19_28_37_222.jpg;-1.60242;0.4018557;0;3.962658;79.11333;80.22202;0.003156295;155.306;358.9515
/home/danny/Documents/RoboND-Rover-Project/output/IMG/robocam_2019_03_09_19_28_37_290.jpg;0;0.1955638;0;3.968153;78.82528;80.35432;359.9853;155.0012;359.0187
/home/danny/Documents/RoboND-Rover-Project/output/IMG/robocam_2019_03_09_19_28_37_357.jpg;-1.66459;0;0;3.961638;78.61002;80.45433;359.9686;154.9183;359.0715
/home/danny/Documents/RoboND-Rover-Project/output/IMG/robocam_2019_03_09_19_28_37_425.jpg;-4.621725;0;0;3.948589;78.32609;80.59067;359.936;154.4112;359.0934
/home/danny/Documents/RoboND-Rover-Project/output/IMG/robocam_2019_03_09_19_28_37_491.jpg;-7.451187;0;0;3.934155;78.11612;80.69648;359.9135;153.6064;359.0513
/home/danny/Documents/RoboND-Rover-Project/output/IMG/robocam_2019_03_09_19_28_37_559.jpg;-10.62643;0;0;3.913097;77.90926;80.80648;359.9043;152.4338;358.9441
/home/danny/Documents/RoboND-Rover-Project/output/IMG/robocam_2019_03_09_19_28_37_623.jpg;-13.63707;0;0;3.895735;77.63789;80.96075;359.9914;150.2968;358.7876
/home/danny/Documents/RoboND-Rover-Project/output/IMG/robocam_2019_03_09_19_28_37_689.jpg;-15;0;0;3.872158;77.4399;81.08115;0.01004491;148.3134;358.7666
/home/danny/Documents/RoboND-Rover-Project/output/IMG/robocam_2019_03_09_19_28_37_759.jpg;-15;0;0;3.849096;77.24722;81.20591;359.9708;146.2335;358.8535
/home/danny/Documents/RoboND-Rover-Project/output/IMG/robocam_2019_03_09_19_28_37_826.jpg;-15;0;0;3.826595;77.00148;81.38696;-0.004574946;143.3517;358.7704
/home/danny/Documents/RoboND-Rover-Project/output/IMG/robocam_2019_03_09_19_28_37_896.jpg;-15;0;0;3.805073;76.82317;81.52793;-0.002469914;141.1809;358.7752
/home/danny/Documents/RoboND-Rover-Project/output/IMG/robocam_2019_03_09_19_28_37_958.jpg;-15;0;0;3.778368;76.65103;81.67426;359.9885;138.9887;358.8246
/home/danny/Documents/RoboND-Rover-Project/output/IMG/robocam_2019_03_09_19_28_38_025.jpg;-15;0;0;3.761191;76.43346;81.87991;359.9818;136.1131;358.8024
/home/danny/Documents/RoboND-Rover-Project/output/IMG/robocam_2019_03_09_19_28_38_094.jpg;-15;0;0;3.738512;76.27714;82.03996;0.006080843;133.9506;358.8164
/home/danny/Documents/RoboND-Rover-Project/output/IMG/robocam_2019_03_09_19_28_38_158.jpg;-11.93923;0;0;3.715882;76.12771;82.20352;359.9655;131.9297;358.8728
/home/danny/Documents/RoboND-Rover-Project/output/IMG/robocam_2019_03_09_19_28_38_225.jpg;1.49089;0;0;3.701136;75.93096;82.42344;359.9333;131.1047;359.0042
/home/danny/Documents/RoboND-Rover-Project/output/IMG/robocam_2019_03_09_19_28_38_291.jpg;4.481413;0;0;3.687701;75.78342;82.58707;359.8905;131.35;359.1517
/home/danny/Documents/RoboND-Rover-Project/output/IMG/robocam_2019_03_09_19_28_38_357.jpg;7.529798;0;0;3.669189;75.63457;82.7479;359.8219;132.0732;359.3676
/home/danny/Documents/RoboND-Rover-Project/output/IMG/robocam_2019_03_09_19_28_38_423.jpg;10.63741;0;0;3.653617;75.43149;82.95525;359.7016;133.7385;359.8283
/home/danny/Documents/RoboND-Rover-Project/output/IMG/robocam_2019_03_09_19_28_38_496.jpg;13.6422;0;0;3.636079;75.27455;83.10377;359.6005;135.4776;0.3282771
/home/danny/Documents/RoboND-Rover-Project/output/IMG/robocam_2019_03_09_19_28_38_561.jpg;15;0;0;3.606759;75.1133;83.24758;359.5975;137.5169;0.8467613
/home/danny/Documents/RoboND-Rover-Project/output/IMG/robocam_2019_03_09_19_28_38_627.jpg;15;0.09720898;0;3.58647;74.89229;83.43449;359.8075;140.2665;1.401769
/home/danny/Documents/RoboND-Rover-Project/output/IMG/robocam_2019_03_09_19_28_38_695.jpg;12.15182;0.2870879;0;3.572287;74.72278;83.57224;0.1079318;142.3018;1.552062
/home/danny/Documents/RoboND-Rover-Project/output/IMG/robocam_2019_03_09_19_28_38_757.jpg;9.233658;0.4816318;0;3.564505;74.55499;83.70462;0.1378;143.9778;1.391965
/home/danny/Documents/RoboND-Rover-Project/output/IMG/robocam_2019_03_09_19_28_38_826.jpg;6.092481;0.6910436;0;3.569191;74.3269;83.87108;359.9517;145.6462;1.028529
/home/danny/Documents/RoboND-Rover-Project/output/IMG/robocam_2019_03_09_19_28_38_894.jpg;3.090391;0.8911829;0;3.598927;74.14779;83.99032;359.8875;146.4419;0.8933043
/home/danny/Documents/RoboND-Rover-Project/output/IMG/robocam_2019_03_09_19_28_38_956.jpg;0.1570201;1;0;3.643569;73.9647;84.11024;359.9087;146.8419;0.7790987
/home/danny/Documents/RoboND-Rover-Project/output/IMG/robocam_2019_03_09_19_28_39_025.jpg;0;1;0;3.680626;73.71568;84.27273;0.04862044;146.9858;0.6289142
/home/danny/Documents/RoboND-Rover-Project/output/IMG/robocam_2019_03_09_19_28_39_094.jpg;0;1;0;3.717653;73.52551;84.39642;0.2236584;147.0084;0.5175294
/home/danny/Documents/RoboND-Rover-Project/output/IMG/robocam_2019_03_09_19_28_39_158.jpg;0;1;0;3.767115;73.33304;84.52168;0.4319371;147.0072;0.3928184
/home/danny/Documents/RoboND-Rover-Project/output/IMG/robocam_2019_03_09_19_28_39_227.jpg;0;1;0;3.804259;73.07298;84.69113;0.7498894;146.9896;0.2152559
/home/danny/Documents/RoboND-Rover-Project/output/IMG/robocam_2019_03_09_19_28_39_291.jpg;0;1;0;3.84143;72.8756;84.82001;1.005839;146.9659;0.07593359
/home/danny/Documents/RoboND-Rover-Project/output/IMG/robocam_2019_03_09_19_28_39_358.jpg;0;1;0;3.891476;72.67596;84.94946;1.257663;146.9627;-0.005308816
/home/danny/Documents/RoboND-Rover-Project/output/IMG/robocam_2019_03_09_19_28_39_425.jpg;0;1;0;3.928633;72.40753;85.12187;1.494474;146.9984;359.9937
/home/danny/Documents/RoboND-Rover-Project/output/IMG/robocam_2019_03_09_19_28_39_494.jpg;0;1;0;3.970178;72.20708;85.25167;1.468341;146.9536;-0.002168337
/home/danny/Documents/RoboND-Rover-Project/output/IMG/robocam_2019_03_09_19_28_39_558.jpg;0;1;0;4.024531;72.00532;85.38346;1.432203;146.9235;-0.0015053
/home/danny/Documents/RoboND-Rover-Project/output/IMG/robocam_2019_03_09_19_28_39_623.jpg;1.691508;1;0;4.061543;71.73306;85.56158;1.417518;146.9618;-0.001805323
/home/danny/Documents/RoboND-Rover-Project/output/IMG/robocam_2019_03_09_19_28_39_692.jpg;4.601608;1;0;4.098325;71.52545;85.69515;1.423828;147.3046;0.006696614
/home/danny/Documents/RoboND-Rover-Project/output/IMG/robocam_2019_03_09_19_28_39_756.jpg;7.504241;1;0;4.146088;71.31458;85.82684;1.409125;148.0242;0.04356684
/home/danny/Documents/RoboND-Rover-Project/output/IMG/robocam_2019_03_09_19_28_39_824.jpg;10.60821;1;0;4.181271;71.02789;85.99638;1.294373;149.6749;0.1512989
/home/danny/Documents/RoboND-Rover-Project/output/IMG/robocam_2019_03_09_19_28_39_893.jpg;7.707242;1;0;4.216289;70.80898;86.11919;1.13769;151.0486;0.2588909
/home/danny/Documents/RoboND-Rover-Project/output/IMG/robocam_2019_03_09_19_28_39_956.jpg;4.712319;1;0;4.266006;70.58647;86.23934;0.9633974;152.1414;0.3931197
/home/danny/Documents/RoboND-Rover-Project/output/IMG/robocam_2019_03_09_19_28_40_026.jpg;1.6646;1;0;4.302645;70.28513;86.39778;0.7267191;153.0084;0.5581775
/home/danny/Documents/RoboND-Rover-Project/output/IMG/robocam_2019_03_09_19_28_40_093.jpg;0;1;0;4.338839;70.0558;86.51669;0.5714188;153.2415;0.6510353
/home/danny/Documents/RoboND-Rover-Project/output/IMG/robocam_2019_03_09_19_28_40_159.jpg;0;1;0;4.386136;69.82341;86.63599;0.458808;153.3035;0.7250555
/home/danny/Documents/RoboND-Rover-Project/output/IMG/robocam_2019_03_09_19_28_40_226.jpg;0;1;0;4.421278;69.50919;86.79634;0.3764894;153.3062;0.7783368
/home/danny/Documents/RoboND-Rover-Project/output/IMG/robocam_2019_03_09_19_28_40_290.jpg;0;1;0;4.456331;69.27047;86.91785;0.3624362;153.291;0.7792557
/home/danny/Documents/RoboND-Rover-Project/output/IMG/robocam_2019_03_09_19_28_40_358.jpg;0;1;0;4.503304;69.02907;87.0405;0.3946334;153.2742;0.7565867
/home/danny/Documents/RoboND-Rover-Project/output/IMG/robocam_2019_03_09_19_28_40_424.jpg;0;1;0;4.538145;68.70353;87.20596;0.4891601;153.2469;0.6803367
/home/danny/Documents/RoboND-Rover-Project/output/IMG/robocam_2019_03_09_19_28_40_491.jpg;0;1;0;4.572732;68.45655;87.33144;0.6004541;153.2258;0.6018833
/home/danny/Documents/RoboND-Rover-Project/output/IMG/robocam_2019_03_09_19_28_40_561.jpg;0;1;0;4.618351;68.20749;87.45819;0.7332425;153.1986;0.5013185
/home/danny/Documents/RoboND-Rover-Project/output/IMG/robocam_2019_03_09_19_28_40_627.jpg;-2.963927;1;0;4.653174;67.87288;87.63069;0.9430442;152.9273;0.3146996
/home/danny/Documents/RoboND-Rover-Project/output/IMG/robocam_2019_03_09_19_28_40_693.jpg;-6.052684;1;0;4.686725;67.62114;87.76454;1.123274;152.3459;0.1083303
/home/danny/Documents/RoboND-Rover-Project/output/IMG/robocam_2019_03_09_19_28_40_758.jpg;-8.940382;1;0;4.730562;67.36942;87.90212;1.292834;151.432;359.9134
/home/danny/Documents/RoboND-Rover-Project/output/IMG/robocam_2019_03_09_19_28_40_827.jpg;-11.99606;1;0;4.760382;67.03758;88.09097;1.327187;149.5999;359.7177
/home/danny/Documents/RoboND-Rover-Project/output/IMG/robocam_2019_03_09_19_28_40_893.jpg;-14.94334;1;0;4.785813;66.79497;88.23826;1.117622;147.6617;359.6039
/home/danny/Documents/RoboND-Rover-Project/output/IMG/robocam_2019_03_09_19_28_40_958.jpg;-15;1;0;4.814776;66.55879;88.39369;0.7583694;145.4028;359.4236
/home/danny/Documents/RoboND-Rover-Project/output/IMG/robocam_2019_03_09_19_28_41_024.jpg;-15;1;0;4.859828;66.25262;88.61689;0.2241525;142.4265;358.9651
/home/danny/Documents/RoboND-Rover-Project/output/IMG/robocam_2019_03_09_19_28_41_091.jpg;-13.42109;1;0;4.884635;66.02789;88.79279;359.8068;140.3776;358.6496
/home/danny/Documents/RoboND-Rover-Project/output/IMG/robocam_2019_03_09_19_28_41_156.jpg;-10.48438;1;0;4.903116;65.80208;88.97546;359.6367;138.8106;358.507
/home/danny/Documents/RoboND-Rover-Project/output/IMG/robocam_2019_03_09_19_28_41_223.jpg;-7.410711;1;0;4.908361;65.49953;89.22877;359.7741;137.3083;358.6925
/home/danny/Documents/RoboND-Rover-Project/output/IMG/robocam_2019_03_09_19_28_41_290.jpg;-4.521929;0.8989744;0;4.935026;65.27333;89.42887;0.07965225;136.327;358.973
/home/danny/Documents/RoboND-Rover-Project/output/IMG/robocam_2019_03_09_19_28_41_358.jpg;-7.615042;0.6927669;0;4.989133;65.0538;89.63796;0.3173161;135.294;359.0971
/home/danny/Documents/RoboND-Rover-Project/output/IMG/robocam_2019_03_09_19_28_41_426.jpg;-10.56142;0.4963419;0;5.0034;64.77197;89.92441;0.4368587;133.5527;359.1311
/home/danny/Documents/RoboND-Rover-Project/output/IMG/robocam_2019_03_09_19_28_41_491.jpg;-7.61517;0.2999256;0;5.000002;64.56812;90.14181;0.3436161;132.1731;359.1394
/home/danny/Documents/RoboND-Rover-Project/output/IMG/robocam_2019_03_09_19_28_41_558.jpg;-4.478177;0.3031263;0;4.993963;64.37041;90.36238;0.1621849;131.1332;359.0676
/home/danny/Documents/RoboND-Rover-Project/output/IMG/robocam_2019_03_09_19_28_41_627.jpg;-1.641022;0.49227;0;4.993714;64.11114;90.66076;359.9298;130.3589;358.9129
/home/danny/Documents/RoboND-Rover-Project/output/IMG/robocam_2019_03_09_19_28_41_690.jpg;-4.806232;0.703284;0;4.999758;63.91647;90.88816;359.8928;129.9585;358.8657
/home/danny/Documents/RoboND-Rover-Project/output/IMG/robocam_2019_03_09_19_28_41_757.jpg;-7.793248;0.9024184;0;5.003964;63.7223;91.11986;0.009752017;129.3746;358.8965
/home/danny/Documents/RoboND-Rover-Project/output/IMG/robocam_2019_03_09_19_28_41_824.jpg;-10.81751;1;0;5.019633;63.47218;91.43379;0.07251494;127.9367;358.8718
/home/danny/Documents/RoboND-Rover-Project/output/IMG/robocam_2019_03_09_19_28_41_890.jpg;-13.86735;1;0;5.00992;63.29186;91.67225;0.0074071;126.3941;358.8686
/home/danny/Documents/RoboND-Rover-Project/output/IMG/robocam_2019_03_09_19_28_41_957.jpg;-15;1;0;5.007631;63.11792;91.91662;0.01054216;124.603;358.8355
/home/danny/Documents/RoboND-Rover-Project/output/IMG/robocam_2019_03_09_19_28_42_023.jpg;-15;1;0;5.009485;62.95058;92.16553;0.01458435;122.7098;358.8279
/home/danny/Documents/RoboND-Rover-Project/output/IMG/robocam_2019_03_09_19_28_42_091.jpg;-15;1;0;5.010032;62.73956;92.50491;0.007619983;120.0982;358.8346
/home/danny/Documents/RoboND-Rover-Project/output/IMG/robocam_2019_03_09_19_28_42_158.jpg;-15;0.9007025;0;5.009252;62.59133;92.76555;0.01099223;118.1213;358.8236
/home/danny/Documents/RoboND-Rover-Project/output/IMG/robocam_2019_03_09_19_28_42_224.jpg;-15;0.6935802;0;5.006863;62.4079;93.12061;0.02326947;115.4319;358.7892
/home/danny/Documents/RoboND-Rover-Project/output/IMG/robocam_2019_03_09_19_28_42_288.jpg;-15;0.5005119;0;5.001233;62.27993;93.3905;359.9909;113.4834;358.8013
/home/danny/Documents/RoboND-Rover-Project/output/IMG/robocam_2019_03_09_19_28_42_358.jpg;-15;0.2982097;0;4.998559;62.16164;93.66556;0.002870534;111.5061;358.816
/home/danny/Documents/RoboND-Rover-Project/output/IMG/robocam_2019_03_09_19_28_42_425.jpg;-15;0.09405994;0;4.985164;62.01964;94.03682;359.9879;108.8774;358.8068
/home/danny/Documents/RoboND-Rover-Project/output/IMG/robocam_2019_03_09_19_28_42_491.jpg;-15;0;0;4.971511;61.92494;94.31853;0.01122225;106.9063;358.7798
/home/danny/Documents/RoboND-Rover-Project/output/IMG/robocam_2019_03_09_19_28_42_557.jpg;-11.95945;0;0;4.934015;61.84011;94.60077;359.9753;105.0628;358.7631
/home/danny/Documents/RoboND-Rover-Project/output/IMG/robocam_2019_03_09_19_28_42_626.jpg;-8.969687;0;0;4.908446;61.73886;94.97984;0.006248769;103.0154;358.8044
/home/danny/Documents/RoboND-Rover-Project/output/IMG/robocam_2019_03_09_19_28_42_691.jpg;-5.94335;0;0;4.889307;61.67178;95.26393;359.9722;101.8524;358.8375
/home/danny/Documents/RoboND-Rover-Project/output/IMG/robocam_2019_03_09_19_28_42_753.jpg;1.546293;0;0;4.864208;61.60822;95.54763;359.9173;101.3379;358.9511
/home/danny/Documents/RoboND-Rover-Project/output/IMG/robocam_2019_03_09_19_28_42_827.jpg;4.494288;0;0;4.84551;61.52657;95.92551;359.8655;101.5046;359.1181
/home/danny/Documents/RoboND-Rover-Project/output/IMG/robocam_2019_03_09_19_28_42_892.jpg;7.524133;0;0;4.828222;61.4637;96.20697;359.802;102.1428;359.308
/home/danny/Documents/RoboND-Rover-Project/output/IMG/robocam_2019_03_09_19_28_42_959.jpg;10.45633;0;0;4.810293;61.39634;96.48583;359.7121;103.2181;359.6069
/home/danny/Documents/RoboND-Rover-Project/output/IMG/robocam_2019_03_09_19_28_43_020.jpg;13.60422;0;0.100713;4.783689;61.32257;96.76126;359.6027;104.6956;0.0467683
/home/danny/Documents/RoboND-Rover-Project/output/IMG/robocam_2019_03_09_19_28_43_092.jpg;13.11637;0;0.2961659;4.734639;61.21502;97.12049;359.4638;107.0681;0.734602
/home/danny/Documents/RoboND-Rover-Project/output/IMG/robocam_2019_03_09_19_28_43_157.jpg;10.14974;0;0.4939413;4.632662;61.13044;97.38366;359.4048;108.7636;1.180839
/home/danny/Documents/RoboND-Rover-Project/output/IMG/robocam_2019_03_09_19_28_43_222.jpg;7.075517;0;0.6988893;4.54947;61.0453;97.64219;359.4133;110.519;1.37755
/home/danny/Documents/RoboND-Rover-Project/output/IMG/robocam_2019_03_09_19_28_43_289.jpg;4.24614;0;0.8875144;4.453761;60.92886;97.97691;359.4444;113.206;1.292987
/home/danny/Documents/RoboND-Rover-Project/output/IMG/robocam_2019_03_09_19_28_43_354.jpg;1.168284;0;1;4.266893;60.83617;98.21479;359.3844;114.8521;1.117956
/home/danny/Documents/RoboND-Rover-Project/output/IMG/robocam_2019_03_09_19_28_43_424.jpg;0;0;1;4.085804;60.70977;98.50637;359.0529;115.3553;0.8292586
/home/danny/Documents/RoboND-Rover-Project/output/IMG/robocam_2019_03_09_19_28_43_493.jpg;0;0;1;3.861862;60.61969;98.70693;358.5934;115.104;0.5227764
/home/danny/Documents/RoboND-Rover-Project/output/IMG/robocam_2019_03_09_19_28_43_556.jpg;0;0;1;3.594545;60.53711;98.89645;358.1004;114.347;0.01863828
/home/danny/Documents/RoboND-Rover-Project/output/IMG/robocam_2019_03_09_19_28_43_622.jpg;0;0;1;3.420092;60.45517;99.07752;357.7595;113.4554;359.7884
/home/danny/Documents/RoboND-Rover-Project/output/IMG/robocam_2019_03_09_19_28_43_688.jpg;0;0;1;3.252136;60.35239;99.30856;357.5202;112.5933;359.7227
/home/danny/Documents/RoboND-Rover-Project/output/IMG/robocam_2019_03_09_19_28_43_757.jpg;0;0;1;3.025337;60.28139;99.4737;357.436;112.1174;359.7764
/home/danny/Documents/RoboND-Rover-Project/output/IMG/robocam_2019_03_09_19_28_43_826.jpg;0;0;1;2.857571;60.19433;99.68319;357.4922;111.5269;359.9646
/home/danny/Documents/RoboND-Rover-Project/output/IMG/robocam_2019_03_09_19_28_43_891.jpg;0;0;1;2.691779;60.13641;99.8335;357.6846;111.0695;0.06007088
/home/danny/Documents/RoboND-Rover-Project/output/IMG/robocam_2019_03_09_19_28_43_959.jpg;0;0;1;2.523211;60.08557;99.97759;357.9777;110.1942;359.9757
/home/danny/Documents/RoboND-Rover-Project/output/IMG/robocam_2019_03_09_19_28_44_023.jpg;0;0;1;2.296579;60.03845;100.1144;358.3826;109.1595;359.9677
/home/danny/Documents/RoboND-Rover-Project/output/IMG/robocam_2019_03_09_19_28_44_090.jpg;0;0;1;2.133238;59.98495;100.2792;358.828;108.1319;0.008017798
/home/danny/Documents/RoboND-Rover-Project/output/IMG/robocam_2019_03_09_19_28_44_157.jpg;0;0;1;1.752547;59.95462;100.3767;358.6934;107.7079;359.9932
/home/danny/Documents/RoboND-Rover-Project/output/IMG/robocam_2019_03_09_19_28_44_220.jpg;0;0;1;1.537418;59.92933;100.4616;358.461;107.1685;359.9849
/home/danny/Documents/RoboND-Rover-Project/output/IMG/robocam_2019_03_09_19_28_44_290.jpg;0;0;1;1.388693;59.90206;100.5642;358.3378;106.1885;359.9825
/home/danny/Documents/RoboND-Rover-Project/output/IMG/robocam_2019_03_09_19_28_44_358.jpg;0;0;0;1.176527;59.88613;100.6347;358.4165;105.2808;359.9824
/home/danny/Documents/RoboND-Rover-Project/output/IMG/robocam_2019_03_09_19_28_44_422.jpg;0;0;0;1.147132;59.87067;100.7089;358.8207;104.51;359.9932
/home/danny/Documents/RoboND-Rover-Project/output/IMG/robocam_2019_03_09_19_28_44_489.jpg;0;0;0;1.107339;59.84684;100.8053;359.4356;104.3962;0.0743105
/home/danny/Documents/RoboND-Rover-Project/output/IMG/robocam_2019_03_09_19_28_44_557.jpg;0;0;0;1.10239;59.82874;100.8762;359.8396;104.3942;0.1446041
/home/danny/Documents/RoboND-Rover-Project/output/IMG/robocam_2019_03_09_19_28_44_625.jpg;0;0;0;1.098935;59.80504;100.9691;0.2991746;104.3943;0.2237541
